{
	"format_version": "1.21.6",
	"credit": "Made with Blockbench",
	"texture_size": [32, 32],
	"elements": [
		{
			"from": [-0.5, 0, 2.75],
			"to": [2.5, 3, 5.75],
			"rotation": {"angle": 36.5, "axis": "x", "origin": [0.5, 1, 3.75]},
			"color": 2,
			"faces": {
				"north": {"uv": [0, 0, 1.5, 1.5], "rotation": 90, "texture": "#missing"},
				"east": {"uv": [0, 0, 1.5, 1.5], "rotation": 270, "texture": "#missing"},
				"south": {"uv": [0, 0, 1.5, 1.5], "rotation": 270, "texture": "#missing"},
				"west": {"uv": [0, 0, 1.5, 1.5], "rotation": 270, "texture": "#missing"},
				"up": {"uv": [0, 0, 1.5, 1.5], "rotation": 270, "texture": "#missing"},
				"down": {"uv": [0, 0, 1.5, 1.5], "rotation": 270, "texture": "#missing"}
			}
		},
		{
			"from": [-0.1, 0.7, 2.3],
			"to": [2, 3.6, 4.5],
			"rotation": {"angle": -17.5, "axis": "x", "origin": [1, 1.35, 2.15]},
			"color": 1,
			"faces": {
				"north": {"uv": [0, 0, 1.05, 1.45], "rotation": 180, "texture": "#missing"},
				"east": {"uv": [0, 0, 1.45, 1.1], "rotation": 270, "texture": "#missing"},
				"south": {"uv": [0, 0, 1.05, 1.45], "texture": "#missing"},
				"west": {"uv": [0, 0, 1.45, 1.1], "rotation": 90, "texture": "#missing"},
				"up": {"uv": [0, 0, 1.05, 1.1], "rotation": 180, "texture": "#missing"},
				"down": {"uv": [0, 0, 1.05, 1.1], "texture": "#missing"}
			}
		},
		{
			"from": [0.2, 3.1, 2],
			"to": [1.6, 6, 3.2],
			"rotation": {"angle": 30, "axis": "x", "origin": [1, 3.8, 2.65]},
			"color": 2,
			"faces": {
				"north": {"uv": [0, 0, 0.7, 1.45], "texture": "#missing"},
				"east": {"uv": [0, 0, 0.6, 1.45], "texture": "#missing"},
				"south": {"uv": [0, 0, 0.7, 1.45], "texture": "#missing"},
				"west": {"uv": [0, 0, 0.6, 1.45], "texture": "#missing"},
				"up": {"uv": [0, 0, 0.7, 0.6], "texture": "#missing"},
				"down": {"uv": [0, 0, 0.7, 0.6], "texture": "#missing"}
			}
		},
		{
			"from": [0.3, 5.34329, 3.40474],
			"to": [1.4, 6.14329, 6.70474],
			"rotation": {"angle": -20, "axis": "x", "origin": [1, 5.5, 3.7]},
			"color": 9,
			"faces": {
				"north": {"uv": [0, 0, 0.55, 0.4], "rotation": 180, "texture": "#missing"},
				"east": {"uv": [0, 0, 0.4, 1.65], "rotation": 270, "texture": "#missing"},
				"south": {"uv": [0, 0, 0.55, 0.4], "texture": "#missing"},
				"west": {"uv": [0, 0, 0.4, 1.65], "rotation": 90, "texture": "#missing"},
				"up": {"uv": [0, 0, 0.55, 1.65], "rotation": 180, "texture": "#missing"},
				"down": {"uv": [0, 0, 0.55, 1.65], "texture": "#missing"}
			}
		},
		{
			"from": [0.4, 6.4, 6.3],
			"to": [1.3, 7.1, 9],
			"rotation": {"angle": 0, "axis": "y", "origin": [1, 6.8, 6.25]},
			"color": 3,
			"faces": {
				"north": {"uv": [0, 0, 0.45, 0.35], "texture": "#missing"},
				"east": {"uv": [0, 0, 1.35, 0.35], "texture": "#missing"},
				"south": {"uv": [0, 0, 0.45, 0.35], "texture": "#missing"},
				"west": {"uv": [0, 0, 1.35, 0.35], "texture": "#missing"},
				"up": {"uv": [0, 0, 0.45, 1.35], "texture": "#missing"},
				"down": {"uv": [0, 0, 0.45, 1.35], "texture": "#missing"}
			}
		},
		{
			"from": [13.5, 0, 2.75],
			"to": [16.5, 3, 5.75],
			"rotation": {"angle": 36.5, "axis": "x", "origin": [15.5, 1, 3.75]},
			"color": 2,
			"faces": {
				"north": {"uv": [0, 1.5, 1.5, 0], "rotation": 90, "texture": "#missing"},
				"east": {"uv": [0, 1.5, 1.5, 0], "rotation": 270, "texture": "#missing"},
				"south": {"uv": [0, 1.5, 1.5, 0], "rotation": 270, "texture": "#missing"},
				"west": {"uv": [0, 1.5, 1.5, 0], "rotation": 270, "texture": "#missing"},
				"up": {"uv": [0, 1.5, 1.5, 0], "rotation": 270, "texture": "#missing"},
				"down": {"uv": [0, 1.5, 1.5, 0], "rotation": 270, "texture": "#missing"}
			}
		},
		{
			"from": [14, 0.7, 2.3],
			"to": [16.1, 3.6, 4.5],
			"rotation": {"angle": -17.5, "axis": "x", "origin": [15, 1.35, 2.15]},
			"color": 1,
			"faces": {
				"north": {"uv": [1.05, 0, 0, 1.45], "rotation": 180, "texture": "#missing"},
				"east": {"uv": [0, 1.1, 1.45, 0], "rotation": 90, "texture": "#missing"},
				"south": {"uv": [1.05, 0, 0, 1.45], "texture": "#missing"},
				"west": {"uv": [0, 1.1, 1.45, 0], "rotation": 270, "texture": "#missing"},
				"up": {"uv": [1.05, 0, 0, 1.1], "rotation": 180, "texture": "#missing"},
				"down": {"uv": [1.05, 0, 0, 1.1], "texture": "#missing"}
			}
		},
		{
			"from": [14.4, 3.1, 2],
			"to": [15.8, 6, 3.2],
			"rotation": {"angle": 30, "axis": "x", "origin": [15, 3.8, 2.65]},
			"color": 2,
			"faces": {
				"north": {"uv": [0.7, 0, 0, 1.45], "texture": "#missing"},
				"east": {"uv": [0.6, 0, 0, 1.45], "texture": "#missing"},
				"south": {"uv": [0.7, 0, 0, 1.45], "texture": "#missing"},
				"west": {"uv": [0.6, 0, 0, 1.45], "texture": "#missing"},
				"up": {"uv": [0.7, 0, 0, 0.6], "texture": "#missing"},
				"down": {"uv": [0.7, 0, 0, 0.6], "texture": "#missing"}
			}
		},
		{
			"from": [14.6, 5.34329, 3.40474],
			"to": [15.7, 6.14329, 6.70474],
			"rotation": {"angle": -20, "axis": "x", "origin": [15, 5.5, 3.7]},
			"color": 9,
			"faces": {
				"north": {"uv": [0.55, 0, 0, 0.4], "rotation": 180, "texture": "#missing"},
				"east": {"uv": [0, 1.65, 0.4, 0], "rotation": 90, "texture": "#missing"},
				"south": {"uv": [0.55, 0, 0, 0.4], "texture": "#missing"},
				"west": {"uv": [0, 1.65, 0.4, 0], "rotation": 270, "texture": "#missing"},
				"up": {"uv": [0.55, 0, 0, 1.65], "rotation": 180, "texture": "#missing"},
				"down": {"uv": [0.55, 0, 0, 1.65], "texture": "#missing"}
			}
		},
		{
			"from": [14.7, 6.4, 6.3],
			"to": [15.6, 7.1, 9],
			"rotation": {"angle": 0, "axis": "y", "origin": [15, 6.8, 6.25]},
			"color": 3,
			"faces": {
				"north": {"uv": [0.45, 0, 0, 0.35], "texture": "#missing"},
				"east": {"uv": [1.35, 0, 0, 0.35], "texture": "#missing"},
				"south": {"uv": [0.45, 0, 0, 0.35], "texture": "#missing"},
				"west": {"uv": [1.35, 0, 0, 0.35], "texture": "#missing"},
				"up": {"uv": [0.45, 0, 0, 1.35], "texture": "#missing"},
				"down": {"uv": [0.45, 0, 0, 1.35], "texture": "#missing"}
			}
		}
	],
	"display": {
		"head": {
			"translation": [0, 8.5, 0]
		}
	},
	"groups": [
		{
			"name": "left",
			"origin": [1, 1, 5],
			"color": 0,
			"children": [0, 1, 2, 3, 4]
		},
		{
			"name": "right",
			"origin": [15, 1, 5],
			"color": 0,
			"children": [5, 6, 7, 8, 9]
		}
	]
}